name_all_elected,name_politician_data
P.J.M.  Aalberse,P.J.M.  Aalberse
D. van Akerlaken,D. van Akerlaken
B.  Albarda,B.  Albarda
J.H.  Albarda,J.W.  Albarda
J.W.  Albarda,J.W.  Albarda
J. van Alphen,J. van Alphen
H.A. des Amorie van der Hoeven,H.A. des Amorie van der Hoeven
J.  Andreae,J.  Andreae
S.H.  Anemaet,S.H.  Anemaet
J.  Ankerman,J.  Ankerman
J.H.  Arnoldts,J.H.  Arnoldts
J.  Arnoldts,M.J.G.J.  Arnoldts
A.H.A.  Arts,A.H.A.  Arts
H.A.M. van Asch van Wijck,H.A.M. van Asch van Wijck
M.M. van Asch van Wijck,M.M. van Asch van Wijck
T.A.J. van Asch van Wijck,T.A.J. van Asch van Wijck
L.H.J.M. van Asch van Wijck,L.H.J.M. van Asch van Wijck
H.M.J. van Asch van Wijck,H.M.J. van Asch van Wijck
H.W. van Asch van Wijck,H.W. van Asch van Wijck
E.J.  Attema,E.J.  Attema
F.W.J. baron van Aylva van Pallandt,F.W.J. van Aylva baron van Pallandt
A.J.H. van Baar,A.J.H. van Baar
P.J.  Bachiene,Ph.J.  Bachiene
C.  Backer,C.  Backer
B.M.  Bahlmann,B.M.  Bahlmann
C.A.H.  Barge,Ch.A.H.  Barge
W.H.J.T. van Basten van Batenburg,W.H.J.Th. van Basten Batenburg
J.N.  Bastert,J.N.  Bastert
J.C.  Baud,J.Ch.  Baud
W.H. de Beaufort,W.H. de Beaufort
J.H.J.  Beckers,J.H.J.  Beckers
G.J.T.  Beelaerts van Blokland,G.J.Th.  Beelaerts van Blokland
C.C.A.  Beens,C.C.A.  Beens
W.C.M.  Begram,W.C.M.  Begram
S.W.H.A. van Beijma thoe Kingma,S.W.H.A. van Beyma thoe Kingma
J.L.C. van den Berch van Heemstede,I.B.D. van den Berch van Heemstede
I.B.D. van den Berch van Heemstede,I.B.D. van den Berch van Heemstede
A.H.M. van Berckel,A.H.M. van Berckel
E.A. van Beresteijn,E.A. van Beresteyn
J.W.  Bergansius,
Z. van den Bergh,Z. van den Bergh
S. van den Bergh jr.,S. van den Bergh
W.A.  Bergsma,W.A.  Bergsma
J. van Best,J. van Best
G.H.  Betz,G.H.  Betz
E.J.  Beumer,E.J.  Beumer
H.A. van Beuningen,H.A. van Beuningen
J.G.S.  Bevers,J.G.S.  Bevers
M.  Bichon van Ysselmonde,M.  Bichon van IJsselmonde
C.J.A.  Bichon van Ysselmonde,C.J.A.  Bichon van IJsselmonde
Ch. baron van Bieberstein,Ch.C.M.H. baron de Bieberstein Rogalla Zawadsky
C.A. baron van Bieberstein Rogalla Zawadsky,Ch.A. baron de Bieberstein Rogalla Zawadsky
C.C.M.H. baron van Bieberstein Rogalla Zawadsky,Ch.C.M.H. baron de Bieberstein Rogalla Zawadsky
J.J.W. van den Biesen,J.J.W. van den Biesen
H.  Bijleveld,H.  Bijleveld
S.  Blaupot ten Cate,S.  Blaupot ten Cate
F.W.C.  Blom,F.W.C.  Blom
Ph. van Blom,Ph. van Blom
C.F.J.  Blooker,C.F.J.  Blooker
J.H.  Blum,J.H.  Blum
P.L.F.  Blussé,P.L.F.  Blussé
P.  Blussé van Oud-Alblas,P.  Blussé van Oud-Alblas
K. de Boer,K. de Boer
C.W.J. baron van Boetzelaar van Dubbeldam,C.W.Th. baron van Boetzelaer van Dubbeldam
W.H.  Bogaardt,W.H.  Bogaardt
W.  Boissevain,W.  Boissevain
J.B.  Bomans,J.B.  Bomans
M.C.E.  Bongaerts,M.Ch.E.  Bongaerts
W.H.  Boogaardt,W.H.  Bogaardt
M.  Boogaerdt,M.  Boogaerdt
H.J.  Bool,H.J.  Bool
A.P.R.C. baron van Borch van Verwolde,A.Ph.R.C. baron van der Borch van Verwolde
W.  Boreel van Hogelanden,W.  Boreel van Hogelanden
J.W.G.  Boreel van Hogelanden,J.W.G.  Boreel van Hogelanden
E.J.H.  Borret,E.J.H.  Borret
F.H.H.  Borret,F.H.H.  Borret
T.L.M.H.  Borret,Th.L.M.H.  Borret
A.W. van Borssele,A.W. van Borssele
D.  Bos,D.  Bos
J. de Bosch Kemper,J. de Bosch Kemper
O.T.  Bosgra,O.T.  Bosgra
J.  Bosscha,J.  Bosscha
P.P. van Bosse,P.Ph. van Bosse
J.B.  Bots,J. de Bosch Kemper
A.  Bouman,A.  Bouman
A.  Boxman,A.  Boxman
M.A.  Brants,M.A.  Brants
C.M.  Brantsen,C.M.  Brantsen
W.G. baron van Brantsen van de Zijp,W.G. baron Brantsen van de Zijp
W.M. de Brauw,W.M. de Brauw
J.P.  Bredius,J.P.  Bredius
B.  Brouwer,B.  Brouwer
H.J.  Brouwers,H.J.  Brouwers
J.J.L. van der Brugghen,J.J.L. van der Brugghen
I.T. ter Brugghen Hugenholtz,I.Th.  Ter Bruggen Hugenholtz
J.G. de Bruijn,J.G. de Bruijn
A.  Brummelkamp jr.,A.  Brummelkamp
J.L. de Bruyn Kops,J.L. de Bruijn Kops
A.  Buma,A.  Buma
J.P.I.  Buteux,J.P.I.  Buteux
W.K.F.P. graaf van Bylandt,W.K.F.P. graaf van Bylandt
C.J.E. graaf van Bylandt,C.J.E. graaf van Bylandt
O.W.A. graaf van Bylandt van Mariënweerd,
F. de Casembroot,F. de Casembroot
S. van Citters,S. van Citters
J.M.L.H.  Clercx,J.M.L.H.  Clercx
H.  Colijn,H.  Colijn
A.  Colijn jr.,A.  Colijn
J.F.W.  Conrad,J.F.W.  Conrad
S.  Cool,S.  Cool
K.L.J.  Cornelis,K.L.J.  Cornelis
J.R.  Corver Hooft,J.R.  Corver Hooft
P.J.  Costerus,P.J.  Costerus
J.T.  Cremer,J.Th.  Cremer
E.J.J.B.  Cremers,E.J.J.B.  Cremers
W.C.J.J.  Cremers,W.C.J.J.  Cremers
J.  Dam,J.  Dam
E.W. van Dam van Isselt,E.W. van Dam van Isselt
M.  Dassen,H.M.J.  Dassen
A. baron van Dedem,A. baron van Dedem
W.K. baron van Dedem,W.K. baron van Dedem
G.W. baron van Dedem,G.W. baron van Dedem
J.J. van Deinse,J.J. van Deinse
J.G. van Deinse,J.G. van Deinse
A. van Delden,A. van Delden
I.P.  Delprat,I.P.  Delprat
C.T. van Deventer,C.Th. van Deventer
J.H.A.  Diepen,
G.  Diepen,G.  Diepen
B.P.G. van Diggelen,B.P.G. van Diggelen
P.J.G. van Diggelen,P.J.G. van Diggelen
H.J.  Dijckmeester,H.J.  Dijckmeester
J.  Dirks,J.  Dirks
F.T.J.H.  Dobbelman,F.Th.J.H.  Dobbelmann
J.M.B.J. van der Does de Willebois,J.M.B.J. van der Does de Willebois
W.  Dolk,W.  Dolk
F.  Domela Nieuwenhuis,F.  Domela Nieuwenhuis
G.E.G.C.K.  Dommer van Poldersveldt,G.E.G.C.K.  Dommer van Poldersveldt
D.  Donker Curtius,D.  Donker Curtius
J.  Donker Hzn.,J.  Donker
J.H.  Donner,J.H.  Donner
E.C.U. van Doorn,E.C.U. van Doorn
W.T.C. van Doorn,W.Th.C. van Doorn
H.C.  Dresselhuys,H.C.  Dresselhuys
F.J.W.  Drion,F.J.W.  Drion
H.L.  Drucker,H.L.  Drucker
T.J.A.  Duijnstee,Th.J.A.  Duynstee
J.E.W.  Duijs,J.E.W.  Duijs
W.H.  Dullert,W.H.  Dullert
G.  Dumbar,G.  Dumbar
A.J.  Duymaer van Twist,A.J.  Duymaer van Twist
L.F.  Duymaer van Twist,L.F.  Duymaer van Twist
J.  Duyvis,J.  Duyvis
D. van Eck,D. van Eck
B.D.  Eerdmans,B.D.  Eerdmans
K.  Eland,K.  Eland
G.  Elhorst,G.  Elhorst
P.J.  Elout van Soeterwoude,P.J.  Elout van Soeterwoude
D.  Engelberts,D.  Engelberts
A.W.  Engelen,A.W.  Engelen
W.E.  Engelen,W.E.  Engelen
A.H.J.  Engels,A.H.J.  Engels
W.  Everts,W.  Everts
G.  Fabius,G.  Fabius
J.C.  Fabius,J.Ch.  Fabius
A.J.W.  Farncombe Sanders,A.J.W.  Farncombe Sanders
W.A. van der Feltz,W.A. baron van der Feltz
P.B.J.  Ferf,P.B.J.  Ferf
A.N.  Fleskens,A.N.  Fleskens
C.  Fock,C.  Fock
D.  Fock,D.  Fock
G.A.  Fokker,G.A.  Fokker
E.  Fokker,E.  Fokker
C. van Foreest,C. van Foreest
P. van Foreest,P. van Foreest
S.R. van Franck,S.R. van Franck
I.D.  Fransen van de Putte,I.D.  Fransen van de Putte
J.A. de Fremery,J.A. de Fremery
W.A.  Froger,W.A.  Froger
P.F.  Fruijtier,P.F.  Fruytier
D.J. de Geer,D.J. de Geer
B.J.L. baron van Geer van Jutphaas,B.J.  Lintelo baron de Geer van Jutphaas
J.H.  Geertsema,J.H.  Geertsema
W.J.  Geertsema,W.J.  Geertsema
J.W.  Gefken,J.W.  Gefken
J. van Gennep,J. van Gennep
A.H.  Gerhard,A.H.  Gerhard
B.J.  Gerretson,B.J.  Gerretson
C.V.  Gerritsen,C.V.  Gerritsen
W.T.  Gevers Deynoot,W.Th.  Gevers Deynoot
D.T.  Gevers van Endegeest,D.Th.  Gevers van Endegeest
S.M.H. van Gijn,S.M.H. van Gijn
A.  Gildemeester,A.  Gildemeester
J.G.  Gleichman,J.G.  Gleichman
N.  Glinderman,N.  Glinderman
M.H.  Godefroi,M.H.  Godefroi
K.A.  Godin de Beaufort,K.A.  Godin de Beaufort
G.J.  Goekoop,G.J.  Goekoop
H.  Goeman Borgesius,H.  Goeman Borgesius
H.M.A. baron van Goes van Dirxland,H.M.A. baron van der Goes van Dirxland
J.K. baron van Goltstein,J.K. baron van Goltstein
W. baron van Goltstein,W. baron van Goltstein van Oldenaller
P.  Gouverneur,P.  Gouverneur
L.G.  Greeve,L.G.  Greeve
G.  Groen van Prinsterer,G.  Groen van Prinsterer
H.F.  Groen van Waarder,H.F.  Groen van Waarder
H.A.G. van Groenendael,H.A.G. van Groenendael
N.R.H.  Guljé,N.R.H.  Guljé
H.D.  Guyot,H.D.  Guyot
J.H.L.  Haffmans,J.H.L.  Haffmans
F.A. van Hall,F.A. baron van Hall
G.A. van Hamel,G.A. van Hamel
J.A. van Hamel,J.A. van Hamel
E.L. baron van Hardenbroek van Lockhorst,E.L. baron van Hardenbroek van Lockhorst
B.P. baron van Harinxma thoe Slooten,B.Ph. baron van Harinxma thoe Slooten
J.J.I.  Harte van Tecklenburg,J.J.I.  Harte van Tecklenburg
A.F.K.  Hartogh,A.F.K.  Hartogh
J.J.  Hasselman,J.J.  Hasselman
W.J.C. van Hasselt,W.J.C. van Hasselt
J.P.  Havelaar,J.P.  Havelaar
W. baron van Heeckeren van Kell,W. baron van Heeckeren van Kell
Th.  Heemskerk,Th.  Heemskerk
J.F.  Heemskerk,J.F.  Heemskerk
J.  Heemskerk Azn.,J.  Heemskerk
J.  Heemskerk Bzn.,J.  Heemskerk
S. baron van Heemstra,S. baron van Heemstra
F.J.J. baron van Heemstra,F.J.J. baron van Heemstra
S. baron van Heemstra 2,S. baron van Heemstra
J.E.  Heeres,J.E.  Heeres
L. graaf van Heiden Reinestein,L. graaf van Heiden Reinestein
B.H.  Heldt,B.H.  Heldt
N. van Heloma,N. van Heloma
W.P.G.  Helsdingen,W.P.G.  Helsdingen
J.B.J.  Hengst,J.B.J.  Hengst
P.C.J.  Hennequin,P.Ch.J.  Hennequin
H.G.M.  Hermans,H.G.M.  Hermans
C.H. den Hertog,C.H. den Hertog
H.F.  Hesselink van Suchtelen,H.F.  Hesselink van Suchtelen
C. van Heukelom,C. van Heukelom
P. van den Heuvel,P. van den Heuvel
V.A.M. van den Heuvel,V.A.M. van den Heuvel
J.F. van der Heyde,J.F. van der Heijde
C.J.A.  Heydenrijck,Ch.J.A.  Heydenrijck
S.  Hingst,S.  Hingst
G.H.  Hintzen,G.H.  Hintzen
C.  Hoekwater,C.  Hoekwater
W.R. baron van Hoëvell,W.R. baron van Hoëvell
M.A.F.H.  Hoffman,M.A.F.H.  Hoffmann
P.J.J.  Hollingérus Pijpers,P.J.J.  Hollingerus Pijpers
P.H.  Holtzman,P.H.  Holtzman
J.T.  Homan,
P.C. 't Hooft,P.C. 't Hooft
G.B. 't Hooft,G.B. 't Hooft
J.S.F. van Hoogstraten,J.S.F. van Hoogstraten
S. van Houten,S. van Houten
W.M.  Houwing,W.M.  Houwing
A.  Hoynck van Papendrecht,A.  Hoynck van Papendrecht
W.J. van Hoytema,
U.H.  Huber,U.H.  Huber
H.F.R.  Hubrecht,H.F.R.  Hubrecht
G.L.J. van der Hucht,G.L.J. van der Hucht
F.W.N.  Hugenholtz,F.W.N.  Hugenholtz
H.U.  Huguenin,H.U.  Huguenin
I.F. van Humalda van Eysinga,I.F. van Humalda van Eysinga
J.E.  Huydecoper van Maarseveen en Nichtevecht,J.E.  Huydecoper van Maarsseveen en Nigtevecht
A.W.F.  Idenburg,A.W.F.  Idenburg
J.W.H.M. van Idsinga,J.W.H.M. van Idsinga
W.H.  Idzerda,W.H.  Idzerda
G.A.  IJssel de Schepper,G.A.  IJssel de Schepper
J.W.  Ijzerman,J.W.  IJzerman
H.A.  Insinger,H.A.  Insinger
E.H. s' Jacob,E.H. s' Jacob
H.  Jacobson,
G.  Jannink,G.  Jannink
J.F.  Jansen,J.F.  Jansen
J.C.  Jansen,J.C.  Jansen
F.I.J.  Janssen,F.I.J.  Janssen
F.J.  Jespers,F.J.  Jespers
J.A.  Jolles,J.A.  Jolles
W.J.A.  Jonckbloet,W.J.A.  Jonckbloet
K.H. de Jong,K.H. de Jong
A. de Jong,A. de Jong
W.J.E.H.M. de Jong,W.J.E.H.M. de Jong
J.L. de Jonge,J.L. de Jonge
G.J. de Jongh,G.J. de Jongh
A.F.  Jongstra,A.F.  Jongstra
W.J.F.  Juten,W.J.F.  Juten
W. van der Kaay,W. van der Kaay
J.  Kalff,J.  Kalff
H.P. de Kanter,H.Ph. de Kanter
P.J. de Kanter,P.J. de Kanter
J.  Kappeyne van de Coppello,J.  Kappeyne van de Coppello
A.P.C. van Karnebeek,A.P.C. van Karnebeek
L.J.S. van Kempen,L.J.S. van Kempen
A.E. van Kempen,A.E. van Kempen
J.M. de Kempenaer,J.M. de Kempenaer
A.  Kerdijk,A.  Kerdijk
G.E.F.X.M.  Kerens de Wylre,G.E.F.X.M.  Kerens de Wylré
J.J. van Kerkwijk,J.J. van Kerkwijk
H.C.F.  Kerstens,H.C.F.  Kerstens
T.M.  Ketelaar,Th.M.  Ketelaar
L.W.C.  Keuchenius,L.W.Ch.  Keuchenius
F.H.K.E. baron van Keverberg de Kessel,F.H.K.E. baron de Keverberg van Kessel
E.B.  Kielstra,E.B.  Kielstra
N.P.J.  Kien,N.P.J.  Kien
M.  Kingma Hzn.,M.  Kingma
H.J.  Kist,H.J.  Kist
A.B.  Kleerekoper,A.B.  Kleerekoper
D. de Klerk,D. de Klerk
A.  Knijff,A.  Knijff
F.M.  Knobel,F.M.  Knobel
W.J.  Knoop,W.J.  Knoop
H.H. van Kol,H.H. van Kol
M.J.C.M.  Kolkman,M.J.C.M.  Kolkman
A.  Kool,A.  Kool
A.  Kool 2,A.  Kool
D.A.P.N.  Koolen,D.A.P.N.  Koolen
D.  Koorders,D.  Koorders
J.  Krap,J.  Krap
E.A.M. van der Kun,E.A.M. van der Kun
J. van Kuyk,J. van Kuyk
A.  Kuyper,A.  Kuyper
K. ter Laan,K. ter Laan
J. ter Laan,J. ter Laan
J.H. de Laat de Kanter,J.H. de Laat de Kanter
A. van Laer,A. van Laer
J.J.  Lambrechts,J.J.  Lambrechts
H.F.  Lambrechts,H.F.  Lambrechts
S.T.  Land,S.T.  Land
M.J. de Lange,M.J. de Lange
A.P. de Lange,A.P. de Lange
J.H.  Lasonder,J.H.  Lasonder
J.L.M.  Leclercq,J.L.M.  Leclercq
J.A.A.  Leemans,J.A.A.  Leemans
J. van Leeuwen,J. van Leeuwen
C.  Lely,C.  Lely
J. van Lennep,J. van Lennep
F.K. van Lennep,F.K. van Lennep
L.E.  Lenting,L.E.  Lenting
I.A.  Levy,I.A.  Levy
H.D.  Levyssohn Norman,H.D.  Levyssohn Norman
W.F.C. van Lidt de Jeude,W.F.C. van Lidth de Jeude
F.  Lieftinck,F.  Lieftinck
J.  Limburg,J.  Limburg
P.A.S. van Limburg Brouwer,P.A.S. van Limburg Brouwer
O.J.H. graaf van Limburg Stirum,O.J.H. graaf van Limburg Stirum
C. de Limpens,Ch. de Limpens
G.M. van der Linden,G.M. van der Linden
J.A.  Loeff,J.A.  Loeff
H. van Loghem,H. van Loghem
P.L. de Lom de Berg,P.L. de Lom de Berg
J.W. van Loon,J.W. van Loon
J.S.  Lotsy,J.S.  Lotsy
C.  Lucasse,Ch.  Lucasse
J.L.A.  Luyben,J.L.A.  Luyben
A.F.X.  Luyben,A.F.X.  Luyben
W.H.  Lycklama à Nijeholt,W.H.  Idzerda
W. baron van Lynden,W. baron van Lynden
C.T. graaf van Lynden van Sandenburg,C.Th. graaf van Lynden van Sandenburg
F.A.C. graaf van Lynden van Sandenburg,F.A.C. graaf van Lynden van Sandenburg
C.M.E. van Löben Sels,C.M.E. van Löben Sels
A.D.P.V. van Löben Sels,A.D.P.V. van Löben Sels
Æ. baron van Mackay,Æ. baron Mackay
D.J. baron van Mackay,D.J. baron Mackay
T.P. baron van Mackay,Th.Ph. baron Mackay
Æ. baron van Mackay 2,Æ. baron Mackay
P.T. van der Maesen de Sombreff,P.Th. van der Maesen de Sombreff
M.J. de Man,M.J. de Man
H.P.  Marchant,H.P.  Marchant
J.B.C.E.M. graaf van Marchant d'Ansembourg,J.B.C.E.M. graaf de Marchant et d'Ansembourg
E. du Marchie van Voorthuysen,E. du Marchie van Voorthuysen
P.R.  Mees,P.R.  Mees
R.P.  Mees R.Az.,R.P.  Mees
G.A. de Meester,G.A. de Meester
T.H. de Meester,Th.H. de Meester
J.R.  Meesters,J.R.  Meesters
J.  Meesters 2,J.  Meesters
K.A.  Meeussen,K.A.  Meeussen
G.W.  Melchers,G.W.  Melchers
M.  Mendels,M.  Mendels
H.  Mensonides,H.  Mensonides
J.M.M.H.  Merkelbach,J.M.M.H.  Merckelbach
J.  Messchert van Vollenhoven,J.  Messchert van Vollenhoven
L.  Metman,L.  Metman
W. de Meyier,W. de Meijier
A.A.J.  Meylink,A.A.J.  Meijlink
L.P.M.H. baron van Michiels van Verduynen,L.P.M.H. baron Michiels van Verduynen
G.A.A.  Middelberg,G.A.A.  Middelberg
P.  Mijer,P.  Mijer
C.J.F.  Mirandolle,Ch.J.F.  Mirandolle
A.  Moens,A.  Moens
J. van der Molen Tz.,J. van der Molen
E.P. de Monchy,E.P. de Monchy
F.H. de Monté ver Loren,F.H. de Monté VerLoren
S.A. de Moraaz,S.A. de Moraaz
J.J. van Mulken,J.J. van Mulken
R.R.L. de Muralt,R.R.L. de Muralt
J.A.  Mutsaers,J.A.  Mutsaers
W.P.A.  Mutsaers,W.P.A.  Mutsaers
J.S. van Naamen,J.S. van Naamen
A. van Naamen van Eemnes,A. van Naamen van Eemnes
J.T.H.  Nedermeyer ridder van Rosenthal,J.Th.H.  Nedermeijer ridder van Rosenthal
A.S. van Nierop,A.S. van Nierop
J.L.  Nierstrasz,J.L.  Nierstrasz
B.  Nierstrasz,B.  Nierstrasz
M.V.  Nijst,M.V.  Nyst
C.J.C.H. van Nispen tot Sevenaer,C.J.Ch.H. van Nispen tot Sevenaer
R.A.J.B.M. van Nispen tot Sevenaer,R.A.J.B.M. van Nispen van Sevenaer
O. van Nispen tot Sevenaer,O.F.A.M. van Nispen tot Sevenaer
O.F.A.M. van Nispen tot Sevenaer,O.F.A.M. van Nispen tot Sevenaer
J.W.J.C.M. van Nispen tot Sevenaer,J.W.J.C.M. van Nispen tot Sevenaer
J.A.C.A. van Nispen van Sevenaer,J.A.Ch.A. van Nispen van Sevenaer
W.H.  Nolens,W.H.  Nolens
P.  Nolting,P.  Nolting
M.  Noordtzij,M.  Noordtzij
J.P.T. van Nunen,J.P.Th. van Nunen
R.K.  Okma,R.K.  Okma
H.  Okma,H.  Okma
L.  Oldenhuis Gratama,L.  Oldenhuis Gratama
N.  Olivier,N.  Olivier
J.E.H.W. baron van Olne,J.E.H.W. baron d' Olne
C.W.  Oomen,C.W.  Oomen
N.  Oosterbaan,N.  Oosterbaan
J.B.  Oosting,J.  Bieruma Oosting
W.M.  Oppedijk,W.M.  Oppedijk
J.B. van Osenbruggen,J.B. van Osenbruggen
P.  Otto,P.  Otto
P.J.  Oud,P.J.  Oud
C.A.E.A. van Panhuys,C.A.E.A. van Panhuys
W.C.J.  Passtoors,W.C.J.  Passtoors
J.G.  Patijn,J.G.  Patijn
R.J.H.  Patijn,R.J.H.  Patijn
N.G.  Pierson,N.G.  Pierson
W.H.  Pijls,W.H.  Pyls
J.M.  Pijnacker Hordijk,J.M.  Pijnacker Hordijk
M.J.  Pijnappel,M.J.  Pijnappel
A.  Plate,A.  Plate
J.D. van der Poel,J.D. van der Poel
A.L.  Poelman,A.L.  Poelman
H.  Polak,H.  Polak
H.  Pollema,H.  Pollema
J.J.  Pompe van Meerdervoort,J.J.  Pompe van Meerdervoort
W.  Poolman,W.  Poolman
J.H.H. de Poorter,J.H.H. de Poorter
K.A.  Poortman,K.A.  Poortman
H.  Provo Kluit,H.  Provó Kluit
H.  Pyttersen,H.  Pyttersen
J.H.J.  Quarles van Ufford,J.H.J.  Quarles van Ufford
G.A. de Raadt,G.A. de Raadt
E.E. van Raalte,E.E. van Raalte
L.D.J.L. de Ram,L.D.J.L. de Ram
L.N. graaf van Randwijck,L.N. graaf van Randwijck
S.M.S. de Ranitz,S.M.S. de Ranitz
M. de Ras,M. de Ras
J.F. baron van Reede van Oudtshoorn,J.F. baron van Reede van Oudtshoorn
F.J.M.A.  Reekers,F.J.M.A.  Reekers
G.C.J. van Reenen,G.C.J. van Reenen
O. van Rees,O. van Rees
G.  Reinders,G.  Reinders
A.J.  Rethaan Macaré,A.J.  Rethaan Macaré
A.E.  Reuther,A.E.  Reuther
K.  Reyne,K.  Reyne
N. de Ridder,N. de Ridder
W.L.F.C.  ridder van Rappard,W.L.F.Ch. ridder van Rappard
H.A.  ridder van Rappard,H.A. ridder van Rappard
A. van Rijckevorsel Hz.,A.B.G.M. van Rijckevorsel
J.C.  Rijk,J.C.  Rijk
P.  Rink,P.  Rink
J.J.  Rochussen,J.J.  Rochussen
J.  Roëll,J.  Röell
P.H.  Roessingh,P.H.  Roessingh
K.A.  Rombach,K.A.  Rombach
J.K.H. de Roo van Alderwerelt,J.K.H. de Roo van Alderwerelt
L.N.  Roodenburg,L.N.  Roodenburg
A.  Roodhuyzen,A.  Roodhuyzen
W.  Rooseboom,W.  Rooseboom
W.J.  Royaards van den Ham,W.J.  Roijaards van den Ham
C.J.M.  Ruijs de Beerenbrouck,Ch.J.M.  Ruijs de Beerenbrouck
G.L.M.H.  Ruijs van Beerenbroek,G.L.M.H.  Ruijs van Beerenbroek
D. de Ruiter Zijlker,D. de Ruiter Zijlker
L.F.H.C.  Ruland,L.F.H.C.  Ruland
V.H.  Rutgers,V.H.  Rutgers
J.W.H.  Rutgers van Rozenburg,J.W.H.  Rutgers van Rozenburg
P.H.  Saaymans Vader,P.H.  Saaymans Vader
J.A.  Sandberg,J.A.  Sandberg
P.A.  Sander,P.A.  Sander
G.W.  Sannes,G.W.  Sannes
A.F.O. van Sasse van Ysselt,A.F.O. van Sasse van Ysselt
A.F. de Savornin Lohman,A.F. de Savornin Lohman
M.A. de Savornin Lohman,
E.  Schaafsma,E.  Schaafsma
H.J.A.M.  Schaepman,H.J.A.M.  Schaepman
A.M.  Schagen van Leeuwen,A.M.  Schagen van Leeuwen
J.H.A.  Schaper,J.H.A.  Schaper
E.T.  Scheltinga Winterberg,E.Th.  Scheltinga Winterberg
J.  Schepel,J.  Schepel
J.L.Th.A.L. baron van Scherpenzeel Heusch,
J.G.  Scheurer,J.G.  Scheurer
C.  Schiffer,C.  Schiffer
M.M.  Schim van der Loeff,M.M.  Schim van der Loeff
G. graaf van Schimmelpenninck,G. graaf Schimmelpenninck
R.J. graaf van Schimmelpenninck,R.J. graaf Schimmelpenninck van Nijenhuis
F.D. graaf van Schimmelpenninck,F.D. graaf Schimmelpenninck
G.J.A.  Schimmelpenninck,G.J.A.  Schimmelpenninck
W.A. baron van Schimmelpenninck van der Oye,W.A. baron Schimmelpenninck van der Oye
A. baron van Schimmelpenninck van der Oye,A. baron Schimmelpenninck van der Oye
J.E.N. baron van Schimmelpenninck van der Oye,J.E.N. baron Schimmelpenninck van der Oye
J.  Schokking,J.  Schokking
P.C.  Schooneveld,P.C.  Schooneveld
J.H.J.  Schreinemacher,J.H.J.  Schreinemacher
P.G.J. van der Schrieck,P.G.J. van der Schrieck
J.F.  Schuurbeque Boeye,J.F.  Schuurbeque Boeije
A.L.W.  Seijffardt,A.L.W.  Seyffardt
H.  Seret,H.  Seret
J.  Sibinga Mulder,J.  Sibinga Mulder
C.J.  Sickesz,C.J.  Sickesz
G.  Simons,G.  Simons
C.  Sleeswijk Vening,C.  Sleeswijk Vening
P.W. van der Sleyden,Ph.W. van der Sleyden
J.J.  Slicher van Domburg,J.J.  Slicher van Domburg
B.W.A.E. baron van Sloet tot Oldhuis,B.W.A.E. baron Sloet tot Oldhuis
L.A.J.W. baron van Sloet van de Beele,L.A.J.W. baron Sloet van de Beele
N.  Sluis Pzn.,N.  Sluis
R.A.W.  Sluiter,R.A.W.  Sluiter
J.P.  Smeele,J.P.  Smeele
H.  Smeenge,H.  Smeenge
H.J.  Smidt,H.J.  Smidt
E.A.  Smidt,E.A.  Smidt
H.J.  Smit,H.J.  Smidt
A.  Smit,A.  Smit
J.T.M.  Smits van Oyen,J.Th.M.  Smits van Oijen
P.J.A.  Smitz,P.J.A.  Smitz
J.R.  Snoeck Henkemans,J.R.  Snoeck Henkemans
H.  Spiekman,H.  Spiekman
J.H.W.Q. ter Spill,J.H.W.Q. ter Spill
A.P.  Staalman,A.P.  Staalman
T.J.  Stieltjes,Th.J.  Stieltjes
J.  Stoffel,J.  Stoffel
J. van Stolk Jzn.,J. van Stolk
H.  Stolte,H.  Stolte
L.D.  Storm,L.D.  Storm
C.M.  Storm van 's Gravesande,C.M.  Storm van 's-Gravesande
W.G.  Straetmans,W.G.  Straetmans
M.P.H.  Strens,M.P.H.  Strens
V.E.L. de Stuers,V.E.L. de Stuers
F.W. van Styrum,F.W. van Styrum
J. van Swieten,J. van Swieten
J.H.F.K. van Swinderen,J.H.F.K. van Swinderen
C.A. van Sypesteyn,C.A. van Sypesteyn
P.H. baron van Taets van Amerongen,P.H. baron Taets van Amerongen tot Natewisch
P.L.  Tak,P.L.  Tak
J.P.R.  Tak van Poortvliet,J.P.R.  Tak van Poortvliet
A.S.  Talma,A.S.  Talma
J.J.  Teding van Berkhout,J.J.  Teding van Berkhout
E.M.  Teenstra,E.M.  Teenstra
J. van den Tempel,J. van den Tempel
C.J. den Tex,C.J. den Tex
A.J.  Thomassen à Thuessink van der Hoop,A.J.  Thomassen à Thuessink van der Hoop van Slochteren
G.H.  Thomassen à Thuessink van der Hoop,G.H.  Thomassen à Thuessink van der Hoop van Slochteren
L.W.J.K.  Thomson,L.W.J.K.  Thomson
J.R.  Thorbecke,J.R.  Thorbecke
G. van Tienhoven,G. van Tienhoven
B.L.  Tijdens,B.L.  Tijdens
M.W. baron van Tour van Bellinchave,
J.A.N.  Travaglino,J.A.N.  Travaglino
M.W.F.  Treub,M.W.F.  Treub
P.J.  Troelstra,P.J.  Troelstra
P.J.  Truijen,P.J.  Truijen
P.M.  Tutein Nolthenius,P.M.  Tutein Nolthenius
M.  Tydeman jr.,M.  Tydeman
T.G.G.  Valette,Th.G.G.  Valette
J.D.  Veegens,J.D.  Veegens
P. van der Veen,P. van der Veen
R. van Veen,R. van Veen
P.B.J.  Vegilin van Claerbergen,P.B.J.  Vegelin van Claerbergen
H.A. van de Velde,H.A. van de Velde
S. van Velzen jr.,S. van Velzen
S.A.  Vening Meinesz,S.A.  Vening Meinesz
J.B.  Verhey,J.B.  Verheij
J.B.A.J.M.  Verheyen,J.B.A.J.M.  Verheijen
P.J.F.  Vermeulen,P.J.F.  Vermeulen
H.C.  Verniers van der Loeff,H.C.  Verniers van der Loeff
S.A.  Verweij,S.A.  Verweij
G.W.  Verweij Mejan,G.W.  Verweij Mejan
L.L.G.M. de Villers de Pité,L.L.G.M.  Villers de Pité
W.A.  Viruly Verbrugge,W.A.  Viruly Verbrugge
J.T. de Visser,J.Th. de Visser
D.  Visser van Hazerswoude,D.  Visser van Hazerswoude
A.C.  Visser van Yzendoorn,A.C.  Visser van IJzendoorn
J.J.J. de Vlam,J.J.J. de Vlam
W.H.  Vliegen,W.H.  Vliegen
P. van Vliet,P. van Vliet
B.R.F. van Vlijmen,B.R.F. van Vlijmen
W. van der Vlugt,W. van der Vlugt
W. de Vlugt,W. de Vlugt
J. van Vollenhoven,J. van Vollenhoven
W.H. van Voorst,W.H. van Voorst
C. van der Voort van Zijp,C. van der Voort van Zijp
G.A.  Vorsterman van Oyen,G.A.  Vorsterman van Oijen
A.F.  Vos de Wael,A.F.  Vos de Wael
J.W.J. baron van Vos van Steenwijk,J.W.J. baron de Vos van Steenwijk
G. de Vries,G. de Vries
L.W. de Vries,L.W. de Vries
S. de Vries Cz.,S. de Vries
W.K.M.  Vrolik,W.K.M.  Vrolik
A.C.A. van Vuuren,A.C.A. van Vuuren
J.H. de Waal Malefijt,J.H. de Waal Malefijt
S. van Walchren,S. van Walchren
F.J.F.M.  Walter,F.J.F.M.  Walter
O. baron van Wassenaer van Catwijck,O. baron van Wassenaer van Catwijck
O.J.E. baron van Wassenaer van Catwijck,O.J.E. baron van Wassenaer van Catwijck
W.J. baron van Welderen Rengers,W.J. van Welderen baron Rengers
R. van der Werk,R. van de Werk
R.  Westerhoff,R.  Westerhoff
F.H. van Wichen,F.H. van Wichen
B.  Wichers,B.P.G. van Diggelen
H.O.  Wichers,H.O.  Wichers
S.M. van Wijck,S.M. van Wijck
J.B.L.C.C. baron van Wijkerslooth de Weerdesteijn,J.B.L.C.Ch. baron de Wijkerslooth de Weerdesteyn
W.  Wijnaendts,W.  Wijnaendts
A.I.M.J. baron van Wijnbergen,A.I.M.J. baron van Wijnbergen
J.J.  Willinge,J.J.  Willinge
J.  Willink,J.  Willink
A.  Winkler Prins,
P.F.E. van Wintershoven,P.F.E. van Wintershoven
W.  Wintgens,W.  Wintgens
H.A.  Wttewael van Stoetwegen,Ch.W.I.  Wttewaall van Stoetwegen
S.  Wybenga,S.  Wybenga
J.J.A. van Wylick,J.J.A. van Wylick
A.  Ypey,A.  Ypeij
J.  Zaaijer,J.  Zaaijer
A.B. de Zeeuw,A.B. de Zeeuw
J.F.  Zijlker,J.F.  Zijlker
G.  Zijlma,G.  Zijlma
J.  Zijp,J.  Zijp
F.J.E. van Zinnicq Bergman,F.J.E. van Zinnicq Bergmann
J.P.P. baron van Zuylen van Nijevelt,J.P.P. baron van Zuylen van Nijevelt
J.P.J.A. graaf van Zuylen van Nijevelt,J.Ph.J.A. graaf van Zuylen van Nijevelt
G.L. van der Zwaag,G.L. van der Zwaag
